{"case-hold": {"llama2-7b": {"full finetuning": {"1e-4": {"1": 0.20615384615384616,
                                                          "2": 0.20615384615384616,
                                                          "3": 0.20615384615384616}},
                             "lora_1": {"1e-4": {"1": 0.20615384615384616,
                                                 "2": 0.20615384615384616,
                                                 "3": 0.20615384615384616}},
                             "lora_16": {"1e-4": {"1": 0.20615384615384616,
                                                  "2": 0.20615384615384616,
                                                  "3": 0.20615384615384616}},
                             "lora_2": {"1e-4": {"1": 0.20615384615384616,
                                                 "2": 0.20615384615384616,
                                                 "3": 0.20615384615384616}},
                             "lora_32": {"1e-4": {"1": 0.20615384615384616,
                                                  "2": 0.20615384615384616,
                                                  "3": 0.20615384615384616}},
                             "lora_4": {"1e-4": {"1": 0.20615384615384616,
                                                 "2": 0.20615384615384616,
                                                 "3": 0.20615384615384616}},
                             "lora_8": {"1e-4": {"1": 0.20615384615384616,
                                                 "2": 0.20615384615384616,
                                                 "3": 0.20615384615384616}}}},
 "sciq": {"llama2-7b": {"full finetuning": {"1e-4": {"1": 0.272,
                                                     "2": 0.257,
                                                     "3": 0.265}},
                        "lora_1": {"1e-4": {"1": 0.901,
                                            "2": 0.901,
                                            "3": 0.898}},
                        "lora_16": {"1e-4": {"1": 0.91, "2": 0.91, "3": 0.908}},
                        "lora_2": {"1e-4": {"1": 0.909, "2": 0.91, "3": 0.906}},
                        "lora_32": {"1e-4": {"1": 0.917,
                                             "2": 0.906,
                                             "3": 0.91}},
                        "lora_4": {"1e-4": {"1": 0.906,
                                            "2": 0.914,
                                            "3": 0.909}},
                        "lora_64": {"1e-4": {"1": 0.91,
                                             "2": 0.912,
                                             "3": 0.909}},
                        "lora_8": {"1e-4": {"1": 0.905,
                                            "2": 0.913,
                                            "3": 0.913}}},
          "t5-xxl": {"full finetuning": {"1e-4": {"1": 0.259,
                                                  "2": 0.257,
                                                  "3": 0.263}}}}}