{"case-hold": {"llama2-7b": {"full finetuning": {"1e-4": {"1": 0.20615384615384616,
                                                          "2": 0.20615384615384616,
                                                          "3": 0.20615384615384616}},
                             "lora_1": {"1e-4": {"1": 0.20615384615384616,
                                                 "2": 0.20615384615384616,
                                                 "3": 0.20615384615384616}},
                             "lora_16": {"1e-4": {"1": 0.20615384615384616,
                                                  "2": 0.20615384615384616,
                                                  "3": 0.20615384615384616}},
                             "lora_2": {"1e-4": {"1": 0.20615384615384616,
                                                 "2": 0.20615384615384616,
                                                 "3": 0.20615384615384616}},
                             "lora_32": {"1e-4": {"1": 0.20615384615384616,
                                                  "2": 0.20615384615384616,
                                                  "3": 0.20615384615384616}},
                             "lora_4": {"1e-4": {"1": 0.20615384615384616,
                                                 "2": 0.20615384615384616,
                                                 "3": 0.20615384615384616}},
                             "lora_64": {"1e-4": {"1": 0.20615384615384616,
                                                  "2": 0.20615384615384616,
                                                  "3": 0.20615384615384616}},
                             "lora_8": {"1e-4": {"1": 0.20615384615384616,
                                                 "2": 0.20615384615384616,
                                                 "3": 0.20615384615384616}}},
               "t5-xxl": {"full finetuning": {"1e-4": {"1": 0.20615384615384616,
                                                       "2": 0.20615384615384616}}}},
 "lora_1": {"case-hold": {"full finetuning": {"1e-4": {"1e-6": 0.20307692307692307,
                                                       "1e-7": 0.20307692307692307,
                                                       "5e-7": 0.20307692307692307}}}},
 "lora_1063": {"case-hold": {"full finetuning": {"1e-4": {"1e-6": 0.20307692307692307,
                                                          "5e-7": 0.20307692307692307}}}},
 "lora_16": {"case-hold": {"full finetuning": {"1e-4": {"1e-6": 0.20307692307692307,
                                                        "1e-7": 0.20307692307692307,
                                                        "5e-7": 0.20307692307692307}}}},
 "lora_2": {"case-hold": {"full finetuning": {"1e-4": {"1e-6": 0.20307692307692307,
                                                       "1e-7": 0.20307692307692307,
                                                       "5e-7": 0.20307692307692307}}}},
 "lora_4": {"case-hold": {"full finetuning": {"1e-4": {"1e-6": 0.20307692307692307,
                                                       "1e-7": 0.20307692307692307,
                                                       "5e-7": 0.20307692307692307}}}},
 "lora_8": {"case-hold": {"full finetuning": {"1e-4": {"1e-7": 0.20307692307692307}}}},
 "sciq": {"llama2-7b": {"full finetuning": {"1e-4": {"1": 0.272,
                                                     "2": 0.257,
                                                     "3": 0.265}},
                        "lora_1": {"1e-4": {"1": 0.901,
                                            "2": 0.901,
                                            "3": 0.898}},
                        "lora_10083": {"1e-4": {"1": 0.909,
                                                "2": 0.915,
                                                "3": 0.914}},
                        "lora_12603": {"1e-4": {"1": 0.911}},
                        "lora_16": {"1e-4": {"1": 0.91, "2": 0.91, "3": 0.908}},
                        "lora_2": {"1e-4": {"1": 0.909, "2": 0.91, "3": 0.906}},
                        "lora_2521": {"1e-4": {"1": 0.919,
                                               "2": 0.911,
                                               "3": 0.913}},
                        "lora_32": {"1e-4": {"1": 0.917,
                                             "2": 0.906,
                                             "3": 0.91}},
                        "lora_4": {"1e-4": {"1": 0.906,
                                            "2": 0.914,
                                            "3": 0.909}},
                        "lora_5042": {"1e-4": {"1": 0.913,
                                               "2": 0.918,
                                               "3": 0.91}},
                        "lora_64": {"1e-4": {"1": 0.91,
                                             "2": 0.912,
                                             "3": 0.909}},
                        "lora_7562": {"1e-4": {"1": 0.917,
                                               "2": 0.919,
                                               "3": 0.915}},
                        "lora_8": {"1e-4": {"1": 0.905,
                                            "2": 0.913,
                                            "3": 0.913}}},
          "t5-xxl": {"full finetuning": {"1e-4": {"1": 0.259,
                                                  "2": 0.257,
                                                  "3": 0.263}}}}}